formulaRank	molecularFormula	adduct	precursorFormula	SiriusScore	TreeScore	IsotopeScore	numExplainedPeaks	explainedIntensity	medianMassErrorFragmentPeaks(ppm)	medianAbsoluteMassErrorFragmentPeaks(ppm)	massErrorPrecursor(ppm)	lipidClass
1	C6H12O	[M + H]+	C6H12O	35.49657770876149	32.620570767831055	2.876006940930441	4	0.8478294083883569	3.873638439607282	3.873638439607282	-0.014403035072154406	
2	C4H10N3	[M + H]+	C4H10N3	22.17178648163714	20.9314701654833	1.2403163161538417	4	0.8478294083883569	5.36693406901121	5.36693406901121	13.266862343321025	
